ID,Education,educationText,Field2,fieldText2,Field,fieldText,profCode,postsecondary,STEM,FieldNew,FieldOld,fieldTextNew,row,col,professionExtra,proftext,profession,professionExtra2,professionExtra3,engineering
1,4,MAplus,1,engineering,1,engineering,12,0,2,1,1,engineering,1,2,1,software,1,1,1,0
2,4,MAplus,1,engineering,1,engineering,12,0,2,1,1,engineering,1,2,1,software,1,1,1,0
3,4,MAplus,1,engineering,1,engineering,12,0,2,1,1,engineering,1,2,1,software,1,1,1,0
4,4,MAplus,1,engineering,1,engineering,12,0,2,1,1,engineering,1,2,1,software,1,1,1,0
5,4,MAplus,1,engineering,1,engineering,1,0,2,1,1,engineering,1,2,1,software,1,1,1,0
6,4,MAplus,1,engineering,1,engineering,1,0,2,1,1,engineering,1,2,1,software,1,1,1,0
7,4,MAplus,1,engineering,1,engineering,1,0,2,1,1,engineering,1,2,1,software,1,1,1,0
8,4,MAplus,1,engineering,1,engineering,1,0,2,1,1,engineering,1,2,1,software,1,1,1,0
9,4,MAplus,1,engineering,1,engineering,1,0,2,1,1,engineering,1,2,1,software,1,1,1,0
10,4,MAplus,1,engineering,1,engineering,1,0,2,1,1,engineering,1,2,1,software,1,1,1,0
11,4,MAplus,1,engineering,1,engineering,1,0,2,1,1,engineering,1,2,1,software,1,1,1,0
12,4,MAplus,1,engineering,1,engineering,1,0,2,1,1,engineering,1,2,1,software,1,1,1,0
13,4,MAplus,1,engineering,1,engineering,1,0,2,1,1,engineering,1,2,1,software,1,1,1,0
14,4,MAplus,1,engineering,1,engineering,1,0,2,1,1,engineering,1,2,1,software,1,1,1,0
15,4,MAplus,1,engineering,1,engineering,1,0,2,1,1,engineering,1,2,1,software,1,1,1,0
16,4,MAplus,1,engineering,1,engineering,1,0,2,1,1,engineering,1,2,1,software,1,1,1,0
17,4,MAplus,1,engineering,1,engineering,1,0,2,1,1,engineering,1,2,1,software,1,1,1,0
18,4,MAplus,1,engineering,1,engineering,1,0,2,1,1,engineering,1,2,1,software,1,1,1,0
19,4,MAplus,1,engineering,1,engineering,1,0,2,1,1,engineering,1,2,1,software,1,1,1,0
20,4,MAplus,1,engineering,1,engineering,1,0,2,1,1,engineering,1,2,1,software,1,1,1,0
21,4,MAplus,1,engineering,1,engineering,1,0,2,1,1,engineering,1,2,1,software,1,1,1,0
22,4,MAplus,1,engineering,1,engineering,1,0,2,1,1,engineering,1,2,1,software,1,1,1,0
23,4,MAplus,1,engineering,1,engineering,1,0,2,1,1,engineering,1,2,1,software,1,1,1,0
24,4,MAplus,1,engineering,1,engineering,1,0,2,1,1,engineering,1,2,1,software,1,1,1,0
25,4,MAplus,1,engineering,1,engineering,2,0,2,1,1,engineering,1,2,1,cashiers,2,1,1,0
26,4,MAplus,1,engineering,1,engineering,2,0,2,1,1,engineering,1,2,1,cashiers,2,1,1,0
27,4,MAplus,1,engineering,1,engineering,12,0,2,1,1,engineering,1,2,1,cashiers,2,1,1,0
28,4,MAplus,1,engineering,1,engineering,12,0,2,1,1,engineering,1,2,1,cashiers,2,1,1,0
29,4,MAplus,1,engineering,1,engineering,12,0,2,1,1,engineering,1,2,1,cashiers,2,1,1,0
30,4,MAplus,1,engineering,1,engineering,12,0,2,1,1,engineering,1,2,1,cashiers,2,1,1,0
31,4,MAplus,1,engineering,1,engineering,2,0,2,1,1,engineering,1,2,1,scientist,3,1,1,0
32,4,MAplus,1,engineering,1,engineering,2,0,2,1,1,engineering,1,2,1,scientist,3,1,1,0
33,4,MAplus,1,engineering,1,engineering,2,0,2,1,1,engineering,1,2,1,scientist,3,1,1,0
34,4,MAplus,1,engineering,1,engineering,2,0,2,1,1,engineering,1,2,1,scientist,3,1,1,0
35,4,MAplus,1,engineering,1,engineering,2,0,2,1,1,engineering,1,2,1,scientist,3,1,1,0
36,4,MAplus,1,engineering,1,engineering,2,0,2,1,1,engineering,1,2,1,scientist,3,1,1,0
37,4,MAplus,1,engineering,1,engineering,12,0,2,1,1,engineering,1,2,1,managers,4,1,1,0
38,4,MAplus,1,engineering,1,engineering,12,0,2,1,1,engineering,1,2,1,managers,4,1,1,0
39,4,MAplus,1,engineering,1,engineering,12,0,2,1,1,engineering,1,2,1,managers,4,1,1,0
40,4,MAplus,1,engineering,1,engineering,12,0,2,1,1,engineering,1,2,1,managers,4,1,1,0
41,4,MAplus,1,engineering,1,engineering,12,0,2,1,1,engineering,1,2,1,managers,4,1,1,0
42,4,MAplus,1,engineering,1,engineering,3,0,2,1,1,engineering,1,2,1,managers,4,1,1,0
43,4,MAplus,1,engineering,1,engineering,4,0,2,1,1,engineering,1,2,1,managers,4,1,1,0
44,4,MAplus,1,engineering,1,engineering,4,0,2,1,1,engineering,1,2,1,managers,4,1,1,0
45,4,MAplus,1,engineering,1,engineering,4,0,2,1,1,engineering,1,2,1,managers,4,1,1,0
46,4,MAplus,1,engineering,1,engineering,4,0,2,1,1,engineering,1,2,1,computer,5,1,1,0
47,4,MAplus,1,engineering,1,engineering,4,0,2,1,1,engineering,1,2,1,computer,5,1,1,0
48,4,MAplus,1,engineering,1,engineering,4,0,2,1,1,engineering,1,2,1,computer,5,1,1,0
49,4,MAplus,1,engineering,1,engineering,4,0,2,1,1,engineering,1,2,1,computer,5,1,1,0
50,4,MAplus,1,engineering,1,engineering,5,0,2,1,1,engineering,1,2,1,computer,5,1,1,0
51,4,MAplus,1,engineering,1,engineering,5,0,2,1,1,engineering,1,2,1,computer,5,1,1,0
52,4,MAplus,1,engineering,1,engineering,5,0,2,1,1,engineering,1,2,1,computer,5,1,1,0
53,4,MAplus,1,engineering,1,engineering,5,0,2,1,1,engineering,1,2,1,computer,5,1,1,0
54,4,MAplus,1,engineering,1,engineering,5,0,2,1,1,engineering,1,2,1,computer,5,1,1,0
55,4,MAplus,2,computer,3,med,5,0,2,2,7,business,1,4,1,computer,5,1,1,0
56,4,MAplus,2,computer,3,med,5,0,2,2,7,business,1,4,1,computer,5,1,1,0
57,4,MAplus,2,computer,3,med,6,0,2,2,7,business,1,4,1,computer,5,1,1,0
58,4,MAplus,2,computer,3,med,6,0,2,2,7,business,1,4,1,accountants,6,1,1,0
59,4,MAplus,2,computer,3,med,6,0,2,2,7,business,1,4,1,accountants,6,1,1,0
60,4,MAplus,2,computer,3,med,6,0,2,2,7,business,1,4,1,accountants,6,1,1,0
61,4,MAplus,2,computer,3,med,6,0,2,2,7,business,1,4,1,accountants,6,1,1,0
62,4,MAplus,2,computer,3,med,6,0,2,2,7,business,1,4,1,accountants,6,1,1,0
63,4,MAplus,2,computer,3,med,7,0,2,2,7,business,1,4,1,accountants,6,1,1,0
64,4,MAplus,2,computer,3,med,7,0,2,2,7,business,1,4,1,accountants,6,1,1,0
65,4,MAplus,2,computer,3,med,7,0,2,2,7,business,1,4,1,accountants,6,1,1,0
66,4,MAplus,2,computer,3,med,7,0,2,2,7,business,1,4,1,physician,7,1,1,0
67,4,MAplus,2,computer,3,med,7,0,2,2,7,business,1,4,1,physician,7,1,1,0
68,4,MAplus,2,computer,3,med,7,0,2,2,7,business,1,4,1,physician,7,1,1,0
69,4,MAplus,2,computer,3,med,7,0,2,2,7,business,1,4,1,physician,7,1,1,0
70,4,MAplus,2,computer,3,med,7,0,2,2,7,business,1,4,1,physician,7,1,1,0
71,4,MAplus,2,computer,3,med,7,0,2,2,7,business,1,4,1,physician,7,1,1,0
72,4,MAplus,2,computer,3,med,8,0,2,2,7,business,1,4,1,physician,7,1,1,0
73,4,MAplus,2,computer,5,business,8,0,1,2,7,business,3,2,1,ceo,8,1,1,0
74,4,MAplus,2,computer,5,business,8,0,1,2,7,business,3,2,1,ceo,8,1,1,0
75,4,MAplus,2,computer,5,business,8,0,1,2,7,business,3,2,1,ceo,8,1,1,0
76,4,MAplus,2,computer,5,business,8,0,1,2,7,business,3,2,1,ceo,8,1,1,0
77,4,MAplus,2,computer,5,business,8,0,1,2,7,business,3,2,1,ceo,8,1,1,0
78,4,MAplus,2,computer,5,business,8,0,1,2,7,business,3,2,1,ceo,8,1,1,0
79,4,MAplus,2,computer,5,business,8,0,1,2,7,business,3,2,1,ceo,8,1,1,0
80,4,MAplus,2,computer,5,business,9,0,1,2,7,business,3,2,1,nurses,9,1,1,0
81,4,MAplus,2,computer,5,business,9,0,1,2,7,business,3,2,1,nurses,9,1,1,0
82,4,MAplus,3,med,7,business,9,0,1,2,7,business,3,2,1,nurses,9,1,1,0
83,4,MAplus,3,med,7,business,9,0,1,2,7,business,3,2,1,nurses,9,1,1,0
84,4,MAplus,3,med,7,business,9,0,1,2,7,business,3,2,1,nurses,9,1,1,0
85,4,MAplus,3,med,7,business,9,0,1,2,7,business,3,2,1,nurses,9,1,1,0
86,4,MAplus,3,med,7,business,9,0,1,2,7,business,3,2,1,nurses,9,1,1,0
87,4,MAplus,3,med,7,business,10,1,1,2,7,business,3,2,1,postsecondary,10,1,1,0
88,4,MAplus,3,med,7,business,10,1,1,2,7,business,3,4,1,postsecondary,10,1,1,0
89,4,MAplus,3,med,7,business,10,1,1,2,7,business,3,4,1,postsecondary,10,1,1,0
90,4,MAplus,3,med,7,business,10,1,1,2,7,business,3,4,1,postsecondary,10,1,1,0
91,4,MAplus,3,med,7,business,10,1,1,2,7,business,3,4,1,postsecondary,10,1,1,0
92,4,MAplus,3,med,7,business,10,1,1,2,7,business,3,4,1,postsecondary,10,1,1,0
93,4,MAplus,3,med,7,business,10,1,1,2,7,business,3,4,1,postsecondary,10,1,1,0
94,4,MAplus,3,med,7,business,10,1,1,2,7,business,3,4,1,postsecondary,10,1,1,0
95,4,MAplus,3,med,7,business,10,1,1,2,7,business,3,4,1,postsecondary,10,1,1,0
96,4,MAplus,3,med,7,business,10,1,1,2,7,business,3,4,1,postsecondary,10,1,1,0
97,4,MAplus,3,med,7,business,10,1,1,2,7,business,3,4,1,postsecondary,10,1,1,0
98,4,MAplus,3,med,7,business,10,1,1,2,7,business,3,4,1,postsecondary,10,1,1,0
99,4,MAplus,3,med,7,business,10,1,1,2,7,business,3,4,1,postsecondary,10,1,1,0
100,4,MAplus,4,bio,9,business,10,1,1,3,2,med,5,2,1,postsecondary,10,1,1,0
101,4,MAplus,4,bio,9,business,10,1,1,3,2,med,5,2,1,postsecondary,10,1,1,0
102,4,MAplus,4,bio,9,business,10,1,1,3,2,med,5,2,1,postsecondary,10,1,1,0
103,4,MAplus,4,bio,9,business,10,1,1,3,2,med,5,2,1,postsecondary,10,1,1,0
104,4,MAplus,4,bio,9,business,10,1,1,3,2,med,5,2,1,postsecondary,10,1,1,0
105,4,MAplus,4,bio,9,business,10,1,1,3,2,med,5,2,1,postsecondary,10,1,1,0
106,4,MAplus,4,bio,9,business,10,1,1,3,2,med,5,2,1,postsecondary,10,1,1,0
107,4,MAplus,4,bio,9,business,10,1,1,3,2,med,5,2,1,postsecondary,10,1,1,0
108,4,MAplus,4,bio,9,business,10,1,1,3,2,med,5,2,1,postsecondary,10,1,1,0
109,4,MAplus,4,bio,9,business,10,1,1,3,2,med,5,2,1,postsecondary,10,1,1,0
110,4,MAplus,4,bio,9,business,10,1,1,3,2,med,5,2,1,postsecondary,10,1,1,0
111,4,MAplus,4,bio,9,business,10,1,1,3,2,med,5,2,1,postsecondary,10,1,1,0
112,4,MAplus,4,bio,9,business,10,1,1,3,2,med,5,2,1,postsecondary,10,1,1,0
113,4,MAplus,4,bio,9,business,10,1,1,3,2,med,5,2,1,postsecondary,10,1,1,0
114,4,MAplus,4,bio,9,business,10,1,1,3,2,med,5,2,1,postsecondary,10,1,1,0
115,4,MAplus,5,phySci,10,business,10,1,1,3,2,med,5,2,1,postsecondary,10,1,1,0
116,4,MAplus,5,phySci,10,business,10,1,1,3,2,med,5,2,1,postsecondary,10,1,1,0
117,4,MAplus,5,phySci,10,business,11,0,1,3,2,med,5,2,1,other,11,1,1,0
118,4,MAplus,5,phySci,10,socsci,11,0,1,4,8,socsci,5,2,1,other,11,1,1,0
119,4,MAplus,5,phySci,10,socsci,11,0,1,4,8,socsci,5,2,1,other,11,1,1,0
120,4,MAplus,5,phySci,10,socsci,11,0,1,4,8,socsci,5,2,1,other,11,1,1,0
121,3,BA,5,phySci,10,socsci,11,0,1,4,8,socsci,5,2,1,other,11,1,1,0
122,3,BA,5,phySci,10,socsci,11,0,1,4,8,socsci,5,2,1,other,11,1,1,0
123,3,BA,5,phySci,10,socsci,11,0,1,4,8,socsci,5,2,1,other,11,1,1,0
124,3,BA,5,phySci,10,socsci,11,0,1,4,8,socsci,5,2,1,other,11,1,1,0
125,3,BA,5,phySci,10,socsci,11,0,1,4,8,socsci,5,2,1,other,11,1,1,0
126,3,BA,5,phySci,10,socsci,11,0,1,4,8,socsci,5,2,1,other,11,1,1,0
127,3,BA,6,business,2,socsci,11,0,1,4,8,socsci,5,4,1,other,11,1,1,0
128,3,BA,6,business,2,socsci,11,0,1,4,8,socsci,5,4,1,other,11,1,1,0
129,3,BA,6,business,2,socsci,11,0,1,4,8,socsci,5,4,1,other,11,1,1,0
130,3,BA,6,business,2,socsci,11,0,1,4,8,socsci,5,4,1,other,11,1,1,0
131,3,BA,6,business,2,socsci,11,0,1,4,8,socsci,5,4,1,other,11,1,1,0
132,3,BA,6,business,2,socsci,11,0,1,4,8,socsci,5,4,1,other,11,1,1,0
133,3,BA,6,business,2,socsci,11,0,1,4,8,socsci,5,4,1,other,11,1,1,0
134,3,BA,6,business,2,socsci,11,0,1,4,8,socsci,5,4,1,other,11,1,1,0
135,3,BA,6,business,2,socsci,11,0,1,4,8,socsci,5,4,1,other,11,1,1,0
136,3,BA,6,business,2,bio,11,0,2,5,3,bio,5,4,1,other,11,1,1,0
137,3,BA,6,business,2,bio,11,0,2,5,3,bio,5,4,1,other,11,1,1,0
138,3,BA,6,business,2,bio,11,0,2,5,3,bio,5,4,1,other,11,1,1,0
139,3,BA,6,business,2,bio,11,0,2,5,3,bio,5,4,1,other,11,1,1,0
140,3,BA,6,business,2,bio,11,0,2,5,3,bio,5,4,1,other,11,1,1,0
141,3,BA,6,business,2,bio,11,0,2,5,3,bio,5,4,1,other,11,1,1,0
142,3,BA,6,business,2,bio,11,0,2,5,3,bio,5,4,1,other,11,1,1,0
143,3,BA,6,business,2,bio,11,0,2,5,3,bio,5,4,1,other,11,1,1,0
144,3,BA,6,business,2,bio,11,0,2,5,3,bio,2,8,1,other,11,1,1,0
145,3,BA,6,business,2,bio,11,0,2,5,3,bio,2,8,1,other,11,1,1,0
146,3,BA,6,business,2,bio,11,0,2,5,3,bio,2,8,1,other,11,1,1,0
147,3,BA,6,business,2,bio,11,0,2,5,3,bio,2,8,1,other,11,1,1,0
148,3,BA,6,business,2,bio,11,0,2,5,3,bio,2,8,1,other,11,1,1,0
149,3,BA,6,business,2,bio,11,0,2,5,3,bio,2,8,1,other,11,1,1,0
150,3,BA,6,business,2,bio,11,0,2,5,3,bio,2,8,1,other,11,1,1,0
151,3,BA,6,business,2,phySci,11,0,2,6,9,ed,2,8,1,other,11,1,1,0
152,3,BA,6,business,2,phySci,11,0,2,6,9,ed,2,8,1,other,11,1,1,0
153,3,BA,6,business,2,phySci,11,0,2,6,9,ed,2,8,1,other,11,1,1,0
154,3,BA,6,business,2,phySci,11,0,2,6,9,ed,2,8,1,other,11,1,1,0
155,3,BA,6,business,2,phySci,11,0,2,6,9,ed,2,8,1,other,11,1,1,0
156,3,BA,6,business,2,phySci,11,0,2,6,9,ed,2,8,1,other,11,1,1,0
157,3,BA,6,business,2,phySci,11,0,2,6,9,ed,2,8,1,other,11,1,1,0
158,3,BA,6,business,2,phySci,11,0,2,6,9,ed,2,8,1,other,11,1,1,0
159,3,BA,6,business,2,phySci,11,0,2,6,9,ed,2,8,1,other,11,1,1,0
160,3,BA,6,business,2,phySci,11,0,2,6,9,ed,2,8,1,other,11,1,1,0
161,3,BA,6,business,2,phySci,11,0,2,6,9,ed,2,8,1,other,11,1,1,0
162,3,BA,6,business,2,phySci,11,0,2,6,9,ed,2,8,1,other,11,1,1,0
163,3,BA,6,business,2,ed,11,0,1,6,9,ed,2,8,1,other,11,1,1,0
164,3,BA,6,business,2,ed,11,0,1,7,4,phySci,2,8,1,other,11,1,1,0
165,3,BA,6,business,2,ed,11,0,1,7,4,phySci,2,8,1,other,11,1,1,0
166,3,BA,6,business,2,ed,11,0,1,7,4,phySci,2,8,1,other,11,1,1,0
167,3,BA,6,business,2,ed,11,0,1,7,4,phySci,2,8,1,other,11,1,1,0
168,3,BA,6,business,2,ed,11,0,1,7,4,phySci,2,8,1,other,11,1,1,0
169,3,BA,6,business,2,ed,11,0,1,7,4,phySci,2,8,1,other,11,1,1,0
170,3,BA,6,business,2,ed,11,0,1,7,4,phySci,2,8,1,other,11,1,1,0
171,3,BA,6,business,2,ed,11,0,1,7,4,phySci,2,8,1,other,11,1,1,0
172,3,BA,7,socsci,4,ed,11,0,1,7,4,phySci,2,8,1,other,11,1,1,0
173,3,BA,7,socsci,4,ed,11,0,1,7,4,phySci,2,8,1,other,11,1,1,0
174,3,BA,7,socsci,4,ed,11,0,1,7,4,phySci,2,8,1,other,11,1,1,0
175,3,BA,7,socsci,4,ed,11,0,1,7,4,phySci,2,8,1,other,11,1,1,0
176,3,BA,7,socsci,4,NonSTEMother,11,0,1,8,10,NonSTEMother,2,8,1,other,11,1,1,0
177,3,BA,7,socsci,4,NonSTEMother,11,0,1,8,10,NonSTEMother,2,8,1,other,11,1,1,0
178,3,BA,7,socsci,4,NonSTEMother,11,0,1,8,10,NonSTEMother,2,8,1,other,11,1,1,0
179,3,BA,7,socsci,4,NonSTEMother,11,0,1,8,10,NonSTEMother,2,8,1,other,11,1,1,0
180,3,BA,7,socsci,4,NonSTEMother,11,0,1,8,10,NonSTEMother,2,8,1,other,11,1,1,0
181,3,BA,7,socsci,4,NonSTEMother,11,0,1,8,10,NonSTEMother,2,8,1,other,11,1,1,0
182,3,BA,7,socsci,4,NonSTEMother,11,0,1,8,10,NonSTEMother,2,8,1,other,11,1,1,0
183,3,BA,7,socsci,4,NonSTEMother,11,0,1,8,10,NonSTEMother,2,8,1,other,11,1,1,0
184,3,BA,7,socsci,4,NonSTEMother,11,0,1,8,10,NonSTEMother,2,8,1,other,11,1,1,0
185,3,BA,7,socsci,4,NonSTEMother,11,0,1,8,10,NonSTEMother,2,8,1,other,11,1,1,0
186,3,BA,7,socsci,4,NonSTEMother,11,0,1,8,10,NonSTEMother,2,8,1,other,11,1,1,0
187,3,BA,7,socsci,4,NonSTEMother,11,0,1,8,10,NonSTEMother,2,8,1,other,11,1,1,0
188,3,BA,7,socsci,4,NonSTEMother,11,0,1,8,10,NonSTEMother,2,8,1,other,11,1,1,0
189,3,BA,7,socsci,4,NonSTEMother,11,0,1,8,10,NonSTEMother,2,10,1,other,11,1,1,0
190,3,BA,8,ed,6,NonSTEMother,11,0,1,8,10,NonSTEMother,2,10,1,other,11,1,1,0
191,3,BA,8,ed,6,NonSTEMother,11,0,1,8,10,NonSTEMother,2,10,1,other,11,1,1,0
192,3,BA,8,ed,6,NonSTEMother,11,0,1,8,10,NonSTEMother,2,10,1,other,11,1,1,0
193,3,BA,8,ed,6,NonSTEMother,11,0,1,8,10,NonSTEMother,2,10,1,other,11,1,1,0
194,3,BA,8,ed,6,NonSTEMother,11,0,1,8,10,NonSTEMother,2,10,1,other,11,1,1,0
195,3,BA,8,ed,6,NonSTEMother,11,0,1,8,10,NonSTEMother,2,10,1,other,11,1,1,0
196,3,BA,8,ed,6,NonSTEMother,11,0,1,8,10,NonSTEMother,2,10,1,other,11,1,1,0
197,3,BA,8,ed,6,NonSTEMother,11,0,1,8,10,NonSTEMother,2,10,1,other,11,1,1,0
198,3,BA,8,ed,6,NonSTEMother,11,0,1,8,10,NonSTEMother,2,10,1,other,11,1,1,0
199,3,BA,8,ed,6,NonSTEMother,11,0,1,8,10,NonSTEMother,2,10,1,other,11,1,1,0
200,3,BA,8,ed,6,NonSTEMother,11,0,1,8,10,NonSTEMother,2,10,1,other,11,1,1,0
201,3,BA,8,ed,6,NonSTEMother,11,0,1,8,10,NonSTEMother,2,10,1,other,11,1,1,0
202,3,BA,8,ed,6,NonSTEMother,11,0,1,8,10,NonSTEMother,2,10,1,other,11,1,1,0
203,3,BA,9,otherSTEM,8,NonSTEMother,11,0,1,8,10,NonSTEMother,2,10,1,other,11,1,1,0
204,3,BA,9,otherSTEM,8,NonSTEMother,11,0,1,8,10,NonSTEMother,2,10,1,other,11,1,1,0
205,3,BA,9,otherSTEM,8,NonSTEMother,11,0,1,8,10,NonSTEMother,2,10,1,other,11,1,1,0
206,3,BA,9,otherSTEM,8,NonSTEMother,11,0,1,8,10,NonSTEMother,2,10,1,other,11,1,1,0
207,3,BA,9,otherSTEM,8,NonSTEMother,11,0,1,8,10,NonSTEMother,4,8,1,other,11,1,1,0
208,3,BA,9,otherSTEM,8,NonSTEMother,11,0,1,8,10,NonSTEMother,4,8,1,other,11,1,1,0
209,3,BA,9,otherSTEM,8,NonSTEMother,11,0,1,8,10,NonSTEMother,4,8,1,other,11,1,1,0
210,3,BA,9,otherSTEM,8,NonSTEMother,11,0,1,8,10,NonSTEMother,4,8,1,other,11,1,1,0
211,3,BA,9,otherSTEM,8,NonSTEMother,11,0,1,8,10,NonSTEMother,4,8,1,other,11,1,1,0
212,3,BA,9,otherSTEM,8,NonSTEMother,11,0,1,8,10,NonSTEMother,4,8,1,other,11,1,1,0
213,3,BA,9,otherSTEM,8,NonSTEMother,11,0,1,8,10,NonSTEMother,4,8,1,other,11,1,1,0
214,3,BA,9,otherSTEM,8,NonSTEMother,11,0,1,8,10,NonSTEMother,4,8,1,other,11,1,1,0
215,3,BA,9,otherSTEM,8,NonSTEMother,11,0,1,8,10,NonSTEMother,4,8,1,other,11,1,1,0
216,3,BA,9,otherSTEM,8,NonSTEMother,11,0,1,8,10,NonSTEMother,4,8,1,other,11,1,1,0
217,3,BA,9,otherSTEM,8,NonSTEMother,11,0,1,8,10,NonSTEMother,4,8,1,other,11,1,1,0
218,3,BA,9,otherSTEM,8,NonSTEMother,11,0,1,8,10,NonSTEMother,4,8,1,other,11,1,1,0
219,3,BA,9,otherSTEM,8,NonSTEMother,11,0,1,8,10,NonSTEMother,4,8,1,other,11,1,1,0
220,3,BA,9,otherSTEM,8,NonSTEMother,11,0,1,8,10,NonSTEMother,4,10,1,other,11,1,1,0
221,3,BA,9,otherNonSTEM,8,NonSTEMother,11,0,1,8,10,NonSTEMother,4,10,1,other,11,1,1,0
222,3,BA,9,otherNonSTEM,8,NonSTEMother,11,0,1,8,10,NonSTEMother,4,10,1,other,11,1,1,0
223,3,BA,9,otherNonSTEM,8,NonSTEMother,11,0,1,8,10,NonSTEMother,4,10,1,other,11,1,1,0
224,3,BA,9,otherNonSTEM,8,NonSTEMother,11,0,1,8,10,NonSTEMother,4,10,1,other,11,1,1,0
225,3,BA,9,otherNonSTEM,8,NonSTEMother,11,0,1,8,10,NonSTEMother,4,10,1,other,11,1,1,0
226,3,BA,9,otherNonSTEM,8,NonSTEMother,11,0,1,8,10,NonSTEMother,4,10,1,other,11,1,1,0
227,3,BA,9,otherNonSTEM,10,STEMother,11,0,2,9,5,computer,4,10,1,other,11,1,1,0
228,3,BA,9,otherNonSTEM,10,STEMother,11,0,2,9,5,computer,4,10,1,other,11,1,1,0
229,3,BA,9,otherNonSTEM,10,STEMother,11,0,2,9,5,computer,4,10,1,other,11,1,1,0
230,3,BA,9,otherNonSTEM,10,STEMother,11,0,2,9,5,computer,4,10,1,other,11,1,1,0
231,3,BA,9,otherNonSTEM,10,STEMother,11,0,2,9,5,computer,4,10,1,other,11,1,1,0
232,3,BA,9,otherNonSTEM,10,STEMother,11,0,2,9,5,computer,4,10,1,other,11,1,1,0
233,3,BA,9,otherNonSTEM,10,STEMother,11,0,2,9,5,computer,4,10,1,other,11,1,1,0
234,3,BA,9,otherNonSTEM,10,STEMother,11,0,2,9,5,computer,4,10,1,other,11,1,1,0
235,3,BA,9,otherNonSTEM,10,STEMother,11,0,2,9,5,computer,4,10,1,other,11,1,1,0
236,3,BA,9,otherNonSTEM,10,STEMother,11,0,2,9,5,computer,4,10,1,other,11,1,1,0
237,3,BA,9,otherNonSTEM,10,STEMother,11,0,2,9,5,computer,4,10,1,other,11,1,1,0
238,3,BA,9,otherNonSTEM,10,STEMother,11,0,2,9,5,computer,4,10,1,other,11,1,1,0
239,3,BA,9,otherNonSTEM,10,STEMother,11,0,2,9,5,computer,4,10,1,other,11,1,1,0
240,3,BA,9,otherNonSTEM,10,STEMother,11,0,2,9,5,computer,4,10,1,other,11,1,1,0
241,3,BA,9,otherNonSTEM,10,STEMother,11,0,2,9,5,computer,4,10,1,other,11,1,1,0
242,3,BA,9,otherNonSTEM,10,STEMother,11,0,2,9,5,computer,4,10,1,other,11,1,1,0
243,3,BA,9,otherNonSTEM,10,STEMother,11,0,2,9,5,computer,4,10,1,other,11,1,1,0
244,3,BA,9,otherNonSTEM,9,computer,11,0,2,9,5,computer,4,10,1,other,11,1,1,0
245,3,BA,9,otherNonSTEM,9,computer,11,0,2,9,5,computer,4,10,1,other,11,1,1,0
246,3,BA,9,otherNonSTEM,9,computer,11,0,2,9,5,computer,4,10,1,other,11,1,1,0
247,3,BA,9,otherNonSTEM,9,computer,11,0,2,9,5,computer,4,10,1,other,11,1,1,0
248,3,BA,9,otherNonSTEM,9,computer,11,0,2,9,5,computer,4,10,1,other,11,1,1,0
249,3,BA,9,otherNonSTEM,9,computer,11,0,2,9,5,computer,4,10,1,other,11,1,1,0
250,3,BA,9,otherNonSTEM,9,computer,11,0,2,9,5,computer,4,10,1,other,11,1,1,0
251,3,BA,9,otherNonSTEM,9,computer,11,0,2,9,5,computer,4,10,1,other,11,1,1,0
252,3,BA,9,otherNonSTEM,9,computer,11,0,2,9,5,computer,4,10,1,other,11,1,1,0
253,3,BA,9,otherNonSTEM,9,computer,11,0,2,9,5,computer,4,10,1,other,11,1,1,0
254,3,BA,9,otherNonSTEM,9,computer,11,0,2,10,6,STEMother,4,10,1,other,11,1,1,0
255,3,BA,9,otherNonSTEM,9,computer,11,0,2,10,6,STEMother,4,10,1,other,11,1,1,0
256,3,BA,9,otherNonSTEM,9,computer,11,0,2,10,6,STEMother,4,10,1,other,11,1,1,0
257,3,BA,9,otherNonSTEM,9,computer,11,0,2,10,6,STEMother,4,10,1,other,11,1,1,0
258,3,BA,9,otherNonSTEM,9,computer,11,0,2,10,6,STEMother,4,10,1,other,11,1,1,0
259,3,BA,9,otherNonSTEM,9,computer,11,0,2,10,6,STEMother,4,10,1,other,11,1,1,0
260,3,BA,9,otherNonSTEM,9,computer,11,0,2,10,6,STEMother,4,10,1,other,11,1,1,0
261,3,BA,9,otherNonSTEM,9,computer,11,0,2,10,6,STEMother,4,10,1,other,11,1,1,0
262,3,BA,9,otherNonSTEM,9,computer,11,0,2,10,6,STEMother,4,10,1,other,11,1,1,0
263,3,BA,9,otherNonSTEM,9,computer,11,0,2,10,6,STEMother,4,10,1,other,11,1,1,0
264,3,BA,9,otherNonSTEM,9,computer,11,0,2,10,6,STEMother,4,10,1,other,11,1,1,0
265,3,BA,9,otherNonSTEM,9,computer,11,0,2,10,6,STEMother,4,10,1,other,11,1,1,0
266,3,BA,9,otherNonSTEM,9,computer,11,0,2,10,6,STEMother,4,10,1,other,11,1,1,0
267,3,BA,9,otherNonSTEM,9,computer,11,0,2,10,6,STEMother,4,10,1,other,11,1,1,0
268,3,BA,9,otherNonSTEM,9,computer,11,0,2,10,6,STEMother,4,10,1,other,11,1,1,0
269,3,BA,9,otherNonSTEM,9,computer,11,0,2,10,6,STEMother,4,10,1,other,11,1,1,0
270,3,BA,9,otherNonSTEM,9,computer,11,0,2,10,6,STEMother,4,10,1,other,11,1,1,0
271,2,SomeC,0,na,0,na,11,0,0,0,0,na,0,0,1,other,11,1,1,0
272,2,SomeC,0,na,0,na,11,0,0,0,0,na,0,0,1,other,11,1,1,0
273,2,SomeC,0,na,0,na,11,0,0,0,0,na,0,0,1,other,11,1,1,0
274,2,SomeC,0,na,0,na,11,0,0,0,0,na,0,0,1,other,11,1,1,0
275,2,SomeC,0,na,0,na,11,0,0,0,0,na,0,0,1,other,11,1,1,0
276,2,SomeC,0,na,0,na,11,0,0,0,0,na,0,0,1,other,11,1,1,0
277,2,SomeC,0,na,0,na,11,0,0,0,0,na,0,0,1,other,11,1,1,0
278,2,SomeC,0,na,0,na,11,0,0,0,0,na,0,0,1,other,11,1,1,0
279,2,SomeC,0,na,0,na,11,0,0,0,0,na,0,0,1,other,11,1,1,0
280,2,SomeC,0,na,0,na,11,0,0,0,0,na,0,0,1,other,11,1,1,0
281,2,SomeC,0,na,0,na,11,0,0,0,0,na,0,0,1,other,11,1,1,0
282,2,SomeC,0,na,0,na,11,0,0,0,0,na,0,0,1,other,11,1,1,0
283,2,SomeC,0,na,0,na,11,0,0,0,0,na,0,0,1,other,11,1,1,0
284,2,SomeC,0,na,0,na,11,0,0,0,0,na,0,0,1,other,11,1,1,0
285,2,SomeC,0,na,0,na,11,0,0,0,0,na,0,0,1,other,11,1,1,0
286,2,SomeC,0,na,0,na,11,0,0,0,0,na,0,0,1,other,11,1,1,0
287,2,SomeC,0,na,0,na,11,0,0,0,0,na,0,0,1,other,11,1,1,0
288,2,SomeC,0,na,0,na,11,0,0,0,0,na,0,0,1,other,11,1,1,0
289,2,SomeC,0,na,0,na,11,0,0,0,0,na,0,0,1,other,11,1,1,0
290,2,SomeC,0,na,0,na,11,0,0,0,0,na,0,0,1,other,11,1,1,0
291,2,SomeC,0,na,0,na,11,0,0,0,0,na,0,0,1,other,11,1,1,0
292,2,SomeC,0,na,0,na,11,0,0,0,0,na,0,0,1,other,11,1,1,0
293,2,SomeC,0,na,0,na,11,0,0,0,0,na,0,0,1,other,11,1,1,0
294,2,SomeC,0,na,0,na,11,0,0,0,0,na,0,0,1,other,11,1,1,0
295,2,SomeC,0,na,0,na,11,0,0,0,0,na,0,0,1,other,11,1,1,0
296,2,SomeC,0,na,0,na,11,0,0,0,0,na,0,0,1,other,11,1,1,0
297,2,SomeC,0,na,0,na,11,0,0,0,0,na,0,0,1,other,11,1,1,0
298,2,SomeC,0,na,0,na,11,0,0,0,0,na,0,0,1,other,11,1,1,0
299,2,SomeC,0,na,0,na,11,0,0,0,0,na,0,0,1,other,11,1,1,0
300,2,SomeC,0,na,0,na,11,0,0,0,0,na,0,0,1,other,11,1,1,0
301,2,SomeC,0,na,0,na,11,0,0,0,0,na,0,0,1,other,11,1,1,0
302,2,SomeC,0,na,0,na,11,0,0,0,0,na,0,0,1,other,11,1,1,0
303,2,SomeC,0,na,0,na,11,0,0,0,0,na,0,0,1,other,11,1,1,0
304,2,SomeC,0,na,0,na,11,0,0,0,0,na,0,0,1,other,11,1,1,0
305,2,SomeC,0,na,0,na,11,0,0,0,0,na,0,0,1,other,11,1,1,0
306,2,SomeC,0,na,0,na,11,0,0,0,0,na,0,0,1,other,11,1,1,0
307,2,SomeC,0,na,0,na,11,0,0,0,0,na,0,0,1,other,11,1,1,0
308,2,SomeC,0,na,0,na,11,0,0,0,0,na,0,0,1,other,11,1,1,0
309,2,SomeC,0,na,0,na,11,0,0,0,0,na,0,0,1,other,11,1,1,0
310,2,SomeC,0,na,0,na,11,0,0,0,0,na,0,0,1,other,11,1,1,0
311,2,SomeC,0,na,0,na,11,0,0,0,0,na,0,0,1,other,11,1,1,0
312,2,SomeC,0,na,0,na,11,0,0,0,0,na,0,0,1,other,11,1,1,0
313,2,SomeC,0,na,0,na,11,0,0,0,0,na,0,0,1,other,11,1,1,0
314,2,SomeC,0,na,0,na,11,0,0,0,0,na,0,0,1,other,11,1,1,0
315,2,SomeC,0,na,0,na,11,0,0,0,0,na,0,0,1,other,11,1,1,0
316,2,SomeC,0,na,0,na,11,0,0,0,0,na,0,0,1,other,11,1,1,0
317,2,SomeC,0,na,0,na,11,0,0,0,0,na,0,0,1,other,11,1,1,0
318,2,SomeC,0,na,0,na,11,0,0,0,0,na,0,0,1,other,11,1,1,0
319,2,SomeC,0,na,0,na,11,0,0,0,0,na,0,0,1,other,11,1,1,0
320,2,SomeC,0,na,0,na,11,0,0,0,0,na,0,0,1,other,11,1,1,0
321,2,SomeC,0,na,0,na,11,0,0,0,0,na,0,0,1,other,11,1,1,0
322,2,SomeC,0,na,0,na,11,0,0,0,0,na,0,0,1,other,11,1,1,0
323,2,SomeC,0,na,0,na,11,0,0,0,0,na,0,0,1,other,11,1,1,0
324,2,SomeC,0,na,0,na,11,0,0,0,0,na,0,0,1,other,11,1,1,0
325,2,SomeC,0,na,0,na,11,0,0,0,0,na,0,0,1,other,11,1,1,1
326,2,SomeC,0,na,0,na,11,0,0,0,0,na,0,0,1,other,11,1,1,1
327,2,SomeC,0,na,0,na,11,0,0,0,0,na,0,0,1,other,11,1,1,1
328,2,SomeC,0,na,0,na,11,0,0,0,0,na,0,0,1,other,11,1,1,1
329,2,SomeC,0,na,0,na,11,0,0,0,0,na,0,0,1,other,11,1,1,1
330,2,SomeC,0,na,0,na,11,0,0,0,0,na,0,0,1,other,11,1,1,1
331,2,SomeC,0,na,0,na,11,0,0,0,0,na,0,0,1,other,11,1,1,1
332,2,SomeC,0,na,0,na,11,0,0,0,0,na,0,0,1,other,11,1,1,1
333,2,SomeC,0,na,0,na,11,0,0,0,0,na,0,0,1,other,11,1,1,1
334,2,SomeC,0,na,0,na,11,0,0,0,0,na,0,0,1,other,11,1,1,1
335,1,HS,0,na,0,na,11,0,0,0,0,na,0,0,1,other,11,1,1,1
336,1,HS,0,na,0,na,11,0,0,0,0,na,0,0,1,other,11,1,1,1
337,1,HS,0,na,0,na,11,0,0,0,0,na,0,0,1,other,11,1,1,1
338,1,HS,0,na,0,na,0,0,0,0,0,na,0,0,0,na,0,0,0,0
339,1,HS,0,na,0,na,0,0,0,0,0,na,0,0,0,na,0,0,0,0
340,1,HS,0,na,0,na,0,0,0,0,0,na,0,0,0,na,0,0,0,0
341,1,HS,0,na,0,na,0,0,0,0,0,na,0,0,0,na,0,0,0,0
342,1,HS,0,na,0,na,0,0,0,0,0,na,0,0,0,na,0,0,0,0
343,1,HS,0,na,0,na,0,0,0,0,0,na,0,0,0,na,0,0,0,0
344,1,HS,0,na,0,na,0,0,0,0,0,na,0,0,0,na,0,0,0,0
345,1,HS,0,na,0,na,0,0,0,0,0,na,0,0,0,na,0,0,0,0
346,1,HS,0,na,0,na,0,0,0,0,0,na,0,0,0,na,0,0,0,0
347,1,HS,0,na,0,na,0,0,0,0,0,na,0,0,0,na,0,0,0,0
348,1,HS,0,na,0,na,0,0,0,0,0,na,0,0,0,na,0,0,0,0
349,1,HS,0,na,0,na,0,0,0,0,0,na,0,0,0,na,0,0,0,0
350,1,HS,0,na,0,na,0,0,0,0,0,na,0,0,0,na,0,0,0,0
351,1,HS,0,na,0,na,0,0,0,0,0,na,0,0,0,na,0,0,0,0
352,1,HS,0,na,0,na,0,0,0,0,0,na,0,0,0,na,0,0,0,0
353,1,HS,0,na,0,na,0,0,0,0,0,na,0,0,0,na,0,0,0,0
354,1,HS,0,na,0,na,0,0,0,0,0,na,0,0,0,na,0,0,0,0
355,1,HS,0,na,0,na,0,0,0,0,0,na,0,0,0,na,0,0,0,0
356,1,HS,0,na,0,na,0,0,0,0,0,na,0,0,0,na,0,0,0,0
357,1,HS,0,na,0,na,0,0,0,0,0,na,0,0,0,na,0,0,0,0
358,1,HS,0,na,0,na,0,0,0,0,0,na,0,0,0,na,0,0,0,0
359,1,HS,0,na,0,na,0,0,0,0,0,na,0,0,0,na,0,0,0,0
360,1,HS,0,na,0,na,0,0,0,0,0,na,0,0,0,na,0,0,0,0
361,1,HS,0,na,0,na,0,0,0,0,0,na,0,0,0,na,0,0,0,0
362,1,HS,0,na,0,na,0,0,0,0,0,na,0,0,0,na,0,0,0,0
363,1,HS,0,na,0,na,0,0,0,0,0,na,0,0,0,na,0,0,0,0
364,1,HS,0,na,0,na,0,0,0,0,0,na,0,0,0,na,0,0,0,0
365,1,HS,0,na,0,na,0,0,0,0,0,na,0,0,0,na,0,0,0,0
366,1,HS,0,na,0,na,0,0,0,0,0,na,0,0,0,na,0,0,0,0
367,1,HS,0,na,0,na,0,0,0,0,0,na,0,0,0,na,0,0,0,0
368,1,HS,0,na,0,na,0,0,0,0,0,na,0,0,0,na,0,0,0,0
369,1,HS,0,na,0,na,0,0,0,0,0,na,0,0,0,na,0,0,0,0
370,1,HS,0,na,0,na,0,0,0,0,0,na,0,0,0,na,0,0,0,0
371,1,HS,0,na,0,na,0,0,0,0,0,na,0,0,0,na,0,0,0,0
372,1,HS,0,na,0,na,0,0,0,0,0,na,0,0,0,na,0,0,0,0
373,1,HS,0,na,0,na,0,0,0,0,0,na,0,0,0,na,0,0,0,0
374,1,HS,0,na,0,na,0,0,0,0,0,na,0,0,0,na,0,0,0,0
375,1,HS,0,na,0,na,0,0,0,0,0,na,0,0,0,na,0,0,0,0
376,1,HS,0,na,0,na,0,0,0,0,0,na,0,0,0,na,0,0,0,0
377,1,HS,0,na,0,na,0,0,0,0,0,na,0,0,0,na,0,0,0,0
378,1,HS,0,na,0,na,0,0,0,0,0,na,0,0,0,na,0,0,0,0
379,1,HS,0,na,0,na,0,0,0,0,0,na,0,0,0,na,0,0,0,0
380,1,HS,0,na,0,na,0,0,0,0,0,na,0,0,0,na,0,0,0,0
381,1,HS,0,na,0,na,0,0,0,0,0,na,0,0,0,na,0,0,0,0
382,1,HS,0,na,0,na,0,0,0,0,0,na,0,0,0,na,0,0,0,0
383,1,HS,0,na,0,na,0,0,0,0,0,na,0,0,0,na,0,0,0,0
384,1,HS,0,na,0,na,0,0,0,0,0,na,0,0,0,na,0,0,0,0
385,1,HS,0,na,0,na,0,0,0,0,0,na,0,0,0,na,0,0,0,0
386,1,HS,0,na,0,na,0,0,0,0,0,na,0,0,0,na,0,0,0,0
387,1,HS,0,na,0,na,0,0,0,0,0,na,0,0,0,na,0,0,0,0
388,1,HS,0,na,0,na,0,0,0,0,0,na,0,0,0,na,0,0,0,0
389,1,HS,0,na,0,na,0,0,0,0,0,na,0,0,0,na,0,0,0,0
390,1,HS,0,na,0,na,0,0,0,0,0,na,0,0,0,na,0,0,0,0
391,1,HS,0,na,0,na,0,0,0,0,0,na,0,0,0,na,0,0,0,0
392,1,HS,0,na,0,na,0,0,0,0,0,na,0,0,0,na,0,0,0,0
393,1,HS,0,na,0,na,0,0,0,0,0,na,0,0,0,na,0,0,0,0
394,1,HS,0,na,0,na,0,0,0,0,0,na,0,0,0,na,0,0,0,0
395,1,HS,0,na,0,na,0,0,0,0,0,na,0,0,0,na,0,0,0,0
396,1,HS,0,na,0,na,0,0,0,0,0,na,0,0,0,na,0,0,0,0
397,1,HS,0,na,0,na,0,0,0,0,0,na,0,0,0,na,0,0,0,0
398,1,HS,0,na,0,na,0,0,0,0,0,na,0,0,0,na,0,0,0,0
399,1,HS,0,na,0,na,0,0,0,0,0,na,0,0,0,na,0,0,0,0
400,1,HS,0,na,0,na,0,0,0,0,0,na,0,0,0,na,0,0,0,0
401,1,HS,0,na,0,na,0,0,0,0,0,na,0,0,0,na,0,0,0,0
402,1,HS,0,na,0,na,0,0,0,0,0,na,0,0,0,na,0,0,0,0
403,1,HS,0,na,0,na,0,0,0,0,0,na,0,0,0,na,0,0,0,0
404,1,HS,0,na,0,na,0,0,0,0,0,na,0,0,0,na,0,0,0,0
405,1,HS,0,na,0,na,0,0,0,0,0,na,0,0,0,na,0,0,0,0
406,1,HS,0,na,0,na,0,0,0,0,0,na,0,0,0,na,0,0,0,0
407,1,HS,0,na,0,na,0,0,0,0,0,na,0,0,0,na,0,0,0,0
408,1,HS,0,na,0,na,0,0,0,0,0,na,0,0,0,na,0,0,0,0
409,1,HS,0,na,0,na,0,0,0,0,0,na,0,0,0,na,0,0,0,0
410,1,HS,0,na,0,na,0,0,0,0,0,na,0,0,0,na,0,0,0,0
411,1,HS,0,na,0,na,0,0,0,0,0,na,0,0,0,na,0,0,0,0
412,1,HS,0,na,0,na,0,0,0,0,0,na,0,0,0,na,0,0,0,0
413,1,HS,0,na,0,na,0,0,0,0,0,na,0,0,0,na,0,0,0,0
414,1,HS,0,na,0,na,0,0,0,0,0,na,0,0,0,na,0,0,0,0
415,1,HS,0,na,0,na,0,0,0,0,0,na,0,0,0,na,0,0,0,0
416,1,HS,0,na,0,na,0,0,0,0,0,na,0,0,0,na,0,0,0,0
417,0,NoHS,0,na,0,na,0,0,0,0,0,na,0,0,0,na,0,0,0,0
418,0,NoHS,0,na,0,na,0,0,0,0,0,na,0,0,0,na,0,0,0,0
419,0,NoHS,0,na,0,na,0,0,0,0,0,na,0,0,0,na,0,0,0,0
420,0,NoHS,0,na,0,na,0,0,0,0,0,na,0,0,0,na,0,0,0,0
421,0,NoHS,0,na,0,na,0,0,0,0,0,na,0,0,0,na,0,0,0,0
422,0,NoHS,0,na,0,na,0,0,0,0,0,na,0,0,0,na,0,0,0,0
423,0,NoHS,0,na,0,na,0,0,0,0,0,na,0,0,0,na,0,0,0,0
424,0,NoHS,0,na,0,na,0,0,0,0,0,na,0,0,0,na,0,0,0,0
425,0,NoHS,0,na,0,na,0,0,0,0,0,na,0,0,0,na,0,0,0,0
426,0,NoHS,0,na,0,na,0,0,0,0,0,na,0,0,0,na,0,0,0,0
427,0,NoHS,0,na,0,na,0,0,0,0,0,na,0,0,0,na,0,0,0,0
428,0,NoHS,0,na,0,na,0,0,0,0,0,na,0,0,0,na,0,0,0,0
429,0,NoHS,0,na,0,na,0,0,0,0,0,na,0,0,0,na,0,0,0,0
430,0,NoHS,0,na,0,na,0,0,0,0,0,na,0,0,0,na,0,0,0,0
431,0,NoHS,0,na,0,na,0,0,0,0,0,na,0,0,0,na,0,0,0,0
432,0,NoHS,0,na,0,na,0,0,0,0,0,na,0,0,0,na,0,0,0,0
433,0,NoHS,0,na,0,na,0,0,0,0,0,na,0,0,0,na,0,0,0,0
434,0,NoHS,0,na,0,na,0,0,0,0,0,na,0,0,0,na,0,0,0,0
435,0,NoHS,0,na,0,na,0,0,0,0,0,na,0,0,0,na,0,0,0,0
436,0,NoHS,0,na,0,na,0,0,0,0,0,na,0,0,0,na,0,0,0,0
437,0,NoHS,0,na,0,na,0,0,0,0,0,na,0,0,0,na,0,0,0,0
438,0,NoHS,0,na,0,na,0,0,0,0,0,na,0,0,0,na,0,0,0,0
439,0,NoHS,0,na,0,na,0,0,0,0,0,na,0,0,0,na,0,0,0,0
440,0,NoHS,0,na,0,na,0,0,0,0,0,na,0,0,0,na,0,0,0,0
441,0,NoHS,0,na,0,na,0,0,0,0,0,na,0,0,0,na,0,0,0,0
442,0,NoHS,0,na,0,na,0,0,0,0,0,na,0,0,0,na,0,0,0,0
443,0,NoHS,0,na,0,na,0,0,0,0,0,na,0,0,0,na,0,0,0,0
444,0,NoHS,0,na,0,na,0,0,0,0,0,na,0,0,0,na,0,0,0,0
445,0,NoHS,0,na,0,na,0,0,0,0,0,na,0,0,0,na,0,0,0,0
446,0,NoHS,0,na,0,na,0,0,0,0,0,na,0,0,0,na,0,0,0,0
447,0,NoHS,0,na,0,na,0,0,0,0,0,na,0,0,0,na,0,0,0,0
448,0,NoHS,0,na,0,na,0,0,0,0,0,na,0,0,0,na,0,0,0,0
449,0,NoHS,0,na,0,na,0,0,0,0,0,na,0,0,0,na,0,0,0,0
450,0,NoHS,0,na,0,na,0,0,0,0,0,na,0,0,0,na,0,0,0,0
451,0,NoHS,0,na,0,na,0,0,0,0,0,na,0,0,0,na,0,0,0,0
452,0,NoHS,0,na,0,na,0,0,0,0,0,na,0,0,0,na,0,0,0,0
453,0,NoHS,0,na,0,na,0,0,0,0,0,na,0,0,0,na,0,0,0,0
454,0,NoHS,0,na,0,na,0,0,0,0,0,na,0,0,0,na,0,0,0,0
455,0,NoHS,0,na,0,na,0,0,0,0,0,na,0,0,0,na,0,0,0,0
456,0,NoHS,0,na,0,na,0,0,0,0,0,na,0,0,0,na,0,0,0,0
457,0,NoHS,0,na,0,na,0,0,0,0,0,na,0,0,0,na,0,0,0,0
458,0,NoHS,0,na,0,na,0,0,0,0,0,na,0,0,0,na,0,0,0,0
459,0,NoHS,0,na,0,na,0,0,0,0,0,na,0,0,0,na,0,0,0,0
460,0,NoHS,0,na,0,na,0,0,0,0,0,na,0,0,0,na,0,0,0,0
461,0,NoHS,0,na,0,na,0,0,0,0,0,na,0,0,0,na,0,0,0,0
462,0,NoHS,0,na,0,na,0,0,0,0,0,na,0,0,0,na,0,0,0,0
463,0,NoHS,0,na,0,na,0,0,0,0,0,na,0,0,0,na,0,0,0,0
464,0,NoHS,0,na,0,na,0,0,0,0,0,na,0,0,0,na,0,0,0,0
465,0,NoHS,0,na,0,na,0,0,0,0,0,na,0,0,0,na,0,0,0,0
466,0,NoHS,0,na,0,na,0,0,0,0,0,na,0,0,0,na,0,0,0,0
467,0,NoHS,0,na,0,na,0,0,0,0,0,na,0,0,0,na,0,0,0,0
468,0,NoHS,0,na,0,na,0,0,0,0,0,na,0,0,0,na,0,0,0,0
469,0,NoHS,0,na,0,na,0,0,0,0,0,na,0,0,0,na,0,0,0,0
470,0,NoHS,0,na,0,na,0,0,0,0,0,na,0,0,0,na,0,0,0,0
471,0,NoHS,0,na,0,na,0,0,0,0,0,na,0,0,0,na,0,0,0,0
472,0,NoHS,0,na,0,na,0,0,0,0,0,na,0,0,0,na,0,0,0,0
473,0,NoHS,0,na,0,na,0,0,0,0,0,na,0,0,0,na,0,0,0,0
474,0,NoHS,0,na,0,na,0,0,0,0,0,na,0,0,0,na,0,0,0,0
475,0,NoHS,0,na,0,na,0,0,0,0,0,na,0,0,0,na,0,0,0,0
476,0,NoHS,0,na,0,na,0,0,0,0,0,na,0,0,0,na,0,0,0,0
477,0,NoHS,0,na,0,na,0,0,0,0,0,na,0,0,0,na,0,0,0,0
478,0,NoHS,0,na,0,na,0,0,0,0,0,na,0,0,0,na,0,0,0,0
479,0,NoHS,0,na,0,na,0,0,0,0,0,na,0,0,0,na,0,0,0,0
480,0,NoHS,0,na,0,na,0,0,0,0,0,na,0,0,0,na,0,0,0,0
481,0,NoHS,0,na,0,na,0,0,0,0,0,na,0,0,0,na,0,0,0,0
482,0,NoHS,0,na,0,na,0,0,0,0,0,na,0,0,0,na,0,0,0,0
483,0,NoHS,0,na,0,na,0,0,0,0,0,na,0,0,0,na,0,0,0,0
484,0,NoHS,0,na,0,na,0,0,0,0,0,na,0,0,0,na,0,0,0,0
485,0,NoHS,0,na,0,na,0,0,0,0,0,na,0,0,0,na,0,0,0,0
486,0,NoHS,0,na,0,na,0,0,0,0,0,na,0,0,0,na,0,0,0,0
487,0,NoHS,0,na,0,na,0,0,0,0,0,na,0,0,0,na,0,0,0,0
488,0,NoHS,0,na,0,na,0,0,0,0,0,na,0,0,0,na,0,0,0,0
489,0,NoHS,0,na,0,na,0,0,0,0,0,na,0,0,0,na,0,0,0,0
490,0,NoHS,0,na,0,na,0,0,0,0,0,na,0,0,0,na,0,0,0,0
491,0,NoHS,0,na,0,na,0,0,0,0,0,na,0,0,0,na,0,0,0,0
492,0,NoHS,0,na,0,na,0,0,0,0,0,na,0,0,0,na,0,0,0,0
493,0,NoHS,0,na,0,na,0,0,0,0,0,na,0,0,0,na,0,0,0,0
494,0,NoHS,0,na,0,na,0,0,0,0,0,na,0,0,0,na,0,0,0,0
495,0,NoHS,0,na,0,na,0,0,0,0,0,na,0,0,0,na,0,0,0,0
496,0,NoHS,0,na,0,na,0,0,0,0,0,na,0,0,0,na,0,0,0,0
497,0,NoHS,0,na,0,na,0,0,0,0,0,na,0,0,0,na,0,0,0,0
498,0,NoHS,0,na,0,na,0,0,0,0,0,na,0,0,0,na,0,0,0,0
499,0,NoHS,0,na,0,na,0,0,0,0,0,na,0,0,0,na,0,0,0,0
500,0,NoHS,0,na,0,na,0,0,0,0,0,na,0,0,0,na,0,0,0,0
501,0,NoHS,0,na,0,na,0,0,0,0,0,na,0,0,0,na,0,0,0,0
502,0,NoHS,0,na,0,na,0,0,0,0,0,na,0,0,0,na,0,0,0,0
503,0,NoHS,0,na,0,na,0,0,0,0,0,na,0,0,0,na,0,0,0,0
504,0,NoHS,0,na,0,na,0,0,0,0,0,na,0,0,0,na,0,0,0,0
505,0,NoHS,0,na,0,na,0,0,0,0,0,na,0,0,0,na,0,0,0,0
506,0,NoHS,0,na,0,na,0,0,0,0,0,na,0,0,0,na,0,0,0,0
507,0,NoHS,0,na,0,na,0,0,0,0,0,na,0,0,0,na,0,0,0,0